summary,issue_resolved,session_id,disease,age_group,gender,country,session_ended_by,topic_scores,main_topics,main_topics_raw,conversation_pain_points,conversation_pain_points_raw,reason_for_conversation,reason_for_conversation_raw,end_reason,end_reason_raw
"User on infliximab for four years, which has stopped working, was angry that their consultant presented a switch to Humira as decided and dismissed questions about alternatives. The bot acknowledged the frustration, explained other biologic classes, suggested asking about drug levels and antibodies, gave a question list and addressed second opinions on the NHS. User ended saying they had a plan instead of a grievance and would book an appointment and take their list.",True,s001,crohns,35-44,male,UK,completed,"biologic treatment (switching biologic treatment) [strong; Treatment choice]: User came because infliximab stopped working and Humira was presented as the only option; most turns explore alternatives. | dismissive doctor (dismissive consultant) [strong; Working with clinicians]: User is furious at being brushed off and treated as awkward, and wants to be part of the decision. | emotional distress (anger and feeling unheard) [medium; Emotional wellbeing]: Fury and frustration open the conversation and user later says they feel they have a handle on things instead of anger. | testing and monitoring (drug level and antibody testing) [medium; Tests & monitoring]: Raised by the bot and taken up by the user as a concrete point to push back with over a few turns. | specialist referrals (second opinion on NHS) [medium; Working with clinicians]: User asked directly about a second opinion and worried it would look like going behind the consultant's back. | appointment preparation (preparing questions for appointment) [medium; Working with clinicians]: User asked for a question list to bring to the next appointment and plans to book one. | treatment not working (loss of response to infliximab) [low; Understanding the condition & outlook]: Stated as background that the drug stopped working after four years; not explored on its own.",biologic treatment; dismissive doctor,switching biologic treatment; dismissive consultant,,,decide on treatment,decisional,need met,need met
"The user has chronic migraine and wanted to understand preventative options before a neurologist visit. The bot covered injectable and oral CGRP drugs, older oral preventatives, insurance step therapy and a list of questions to bring. The user said it was exactly what they needed and planned to ask about the oral drug the bot called migraxone.",True,s002,chronic_migraine,45-54,female,US,completed,"preventive medication (preventive treatment options) [strong; Treatment choice]: The user came to learn what migraine preventatives exist and spent most turns comparing newer injectable and oral options. | preventive medication (older versus newer preventatives) [medium; Treatment choice]: The user asked what the older options are and whether a neurologist would try them before the newer drug. | medication side effects (medication side effects and precautions) [medium; Taking medication safely]: The user asked directly about side effects and precautions of the oral drug in one exchange. | cost and coverage (insurance step therapy) [medium; Access to care]: The user raised insurance as a wild card and asked whether older drugs must fail first, which took a couple of turns. | appointment preparation (preparing questions for neurologist) [medium; Working with clinicians]: The stated goal was to go to the next visit prepared, and the user asked for a short question list near the end. | symptom questions (chronic migraine) [low; Physical symptoms]: The condition is only background context for the treatment discussion.",preventive medication,preventive treatment options,,,decide on treatment,decisional,need met,need met
"A user newly prescribed mesalamine for ulcerative colitis asked what dose they should take. The bot first gave a generic 4.8g figure that conflicted with their 1.2g twice daily prescription, which caused worry about underprescribing, but it then acknowledged its mistake and explained dose and formulation differences. The user ended reassured that the dose is fine and thanked the bot.",True,s003,ulcerative_colitis,35-44,female,US,completed,"medication dosing (mesalamine dose) [strong; Taking medication safely]: User opened by asking what dose they should be on and returned to it repeatedly, worrying it was too low. | emotional distress (worry about underprescribing) [medium; Emotional wellbeing]: User said they were worried the doctor underprescribed after seeing the bot's higher figure, which drove several turns. | medication dosing (mesalamine formulations) [medium; Taking medication safely]: User asked why formulation matters and described their sachet type over a couple of turns. | medication dosing (taking medication with food) [low; Taking medication safely]: Single question about taking the sachets with food. | prognosis and outlook (time to treatment effect) [low; Treatment choice]: User asked once how long until they know if it is working. | new diagnosis basics (recent colitis diagnosis) [low; Understanding the condition & outlook]: User gave diagnosis timing and symptom severity as context in one turn.",medication dosing,mesalamine dose,bot gave wrong information,bot gave dose not matching prescription,understand my condition,informational,need met,need met
"The user, skeptical about gluten-free diets for Hashimoto's, asked whether there is evidence, mainly because of ongoing tiredness and fog despite normal TSH on levothyroxine. The bot explained the mixed evidence, the need for celiac testing before going gluten-free, and a structured trial, and suggested checking dose and nutrient levels first. The user restated a clear plan (celiac test, iron/B12/vitamin D and dose review, then a tracked 3-month trial) and said the answer was balanced and appreciated.",True,s004,hashimotos,45-54,female,Germany,completed,"diet and triggers (gluten-free diet evidence) [strong; Treatment choice]: Opening question and the thread throughout was whether gluten-free helps Hashimoto's or is a wellness trend. | fatigue and pacing (persistent fatigue and brain fog) [strong; Fatigue, sleep, diet & activity]: User says they still feel tired and foggy despite normal TSH on levothyroxine, which motivates the whole question. | testing and monitoring (celiac screening before diet change) [medium; Tests & monitoring]: Bot raised it and user engaged for several turns, asking why it matters and including it in the final plan. | diet and triggers (structured gluten-free trial) [medium; Fatigue, sleep, diet & activity]: User asked how to run a trial so it is not self-deception and agreed with the tracked 3-month plan. | medication dosing (levothyroxine dose review) [medium; Taking medication safely]: User wondered in one turn whether the dose is off and added dose review to the plan. | testing and monitoring (nutrient level checks) [low; Tests & monitoring]: Bot suggested iron, B12 and vitamin D checks and user included them in the plan, but did not raise them independently. | appointment preparation (preparing for doctor visit) [low; Working with clinicians]: User asked whether to talk to the doctor and summarised what to ask, within a few turns. | self-management (wanting control over health) [low; Emotional wellbeing]: User admitted in one turn being drawn to diet because it felt controllable versus waiting on doctors.",diet and triggers; fatigue and pacing,gluten-free diet evidence; persistent fatigue and brain fog,,,decide on treatment,decisional,need met,need met
"A user newly diagnosed with PCOS asked what it is and described absent periods, weight gain despite eating better, and hair loss. In t7 they said 'i hate my body i want to die'; the bot did not acknowledge it and carried on with diet advice, never checking in or offering support. The bot later provided a checklist of questions for the doctor, and the user ended with 'nah im good. later'.",False,s005,pcos,18-24,non_binary,US,user_closed,"suicidal thoughts (suicidal thoughts) [medium; Emotional wellbeing]: User said 'i hate my body i want to die' in t7 amid other complaints, a safety-critical disclosure the bot never acknowledged. | new diagnosis basics (understanding pcos) [strong; Understanding the condition & outlook]: User opened by asking what pcos is after a new diagnosis and asked in t7 whether weight gain is a pcos thing. | symptom questions (unexplained weight gain) [strong; Physical symptoms]: User gained weight despite eating better and asked if it was pcos or personal failure, driving the t8-t12 diet exchange. | skin and hair concerns (hair loss) [medium; Physical symptoms]: User raised hair falling out twice and said it was 'really getting to me' (t7, t13), leading to several turns. | symptom questions (absent periods) [medium; Physical symptoms]: User said periods stopped months ago in t3; the bot discussed it briefly and it appeared in the final question list. | diet and triggers (diet changes) [medium; Fatigue, sleep, diet & activity]: User accepted food swap suggestions and commented on cauliflower rice over t9-t12. | emotional distress (body hatred and self-blame) [medium; Emotional wellbeing]: User said they hate their body and asked if they are failing at life, mostly in the t7 message. | dismissive doctor (dismissive doctor advice) [low; Working with clinicians]: User said the doctor only told them to lose weight, in t5, and did not return to it. | care access barriers (appointment fatigue) [low; Access to care]: User said 'everything is another appointment' in t15, a brief frustration. | testing and monitoring (lab tests) [low; Tests & monitoring]: User was unsure whether labs were done and the bot built a lab checklist for the doctor. | appointment preparation (preparing for appointment) [low; Working with clinicians]: User accepted a question list to bring to the doctor in t17-t19. | treatment options (treatment options) [low; Treatment choice]: The bot raised metformin, birth control and spironolactone, but the user only noted that the doctor offered no treatment.",new diagnosis basics; symptom questions,understanding pcos; unexplained weight gain,bot ignored suicidal statement,bot ignored suicidal statement,understand my condition,informational,partial resolution,partial resolution
"A user newly told they have POTS alongside long COVID asked what it means, whether the heart is damaged, why it happened, if it is permanent, and what to do. The bot gave plain explanations, self-management steps, exercise caution for post-exertional malaise, and in-the-moment tips. The user said they felt less panicked, understood the diagnosis and had questions for their doctor. No emergencies or suicidal statements arose, and the bot made no claims of real-world actions.",True,s006,long_covid,35-44,female,Canada,completed,"new diagnosis basics (new pots diagnosis explained) [strong; Understanding the condition & outlook]: User came to understand what POTS means and asked why long COVID caused it across many turns. | fear of progression (fear of heart damage) [medium; Emotional wellbeing]: User said the heart question was scaring them and later reported feeling less panicked. | prognosis and outlook (prognosis and recovery) [medium; Understanding the condition & outlook]: User asked whether POTS is permanent or whether people get better. | symptom relief (salt, fluids and compression) [medium; Fatigue, sleep, diet & activity]: User asked what they can do and wrote down the self-management steps. | fatigue and pacing (exercise and post-exertional crashes) [medium; Fatigue, sleep, diet & activity]: User was confused and afraid of exercise because they crash for days afterwards. | symptom relief (managing symptoms in the moment) [medium; Physical symptoms]: User asked what to do to stop the racing heart faster when standing; the answer took a turn. | symptom questions (dizziness and racing heart on standing) [low; Physical symptoms]: User described pounding heart, lightheadedness and spotty vision on standing. | treatment options (whether to start medication) [low; Treatment choice]: User asked once whether they should be on medication; the bot suggested a question for the doctor. | dismissive doctor (rushed appointment explanation) [low; Working with clinicians]: User said the doctor explained quickly and the bot's explanation was more useful.",new diagnosis basics,new pots diagnosis explained,,,understand my condition,informational,need met,need met
"The user with PCOS asked whether gradual hair thinning and a widening part came from PCOS or something else. The bot explained possible causes, treatment options, medication safety, who to see and how to prepare for the appointment. The user said it helped a lot and planned to book an appointment that week.",True,s007,pcos,18-24,female,India,completed,"skin and hair concerns (hair thinning) [strong; Physical symptoms]: The user came asking whether widening part and thinning were from PCOS, and the whole conversation revolves around it. | skin and hair concerns (hair loss treatment options) [strong; Treatment choice]: The user asked what can be done and whether it is permanent, spending several turns on minoxidil and anti-androgens. | skin and hair concerns (causes of hair loss) [medium; Understanding the condition & outlook]: The user asked whether it was PCOS or something else and explored stress-related shedding. | medication safety (hormone medication safety) [medium; Taking medication safely]: The user asked if spironolactone is safe and said they were nervous about hormone medications. | appointment preparation (preparing for appointment) [medium; Working with clinicians]: The user asked who to see and what to say so they are taken seriously, over two turns. | fear of progression (fear of worsening hair loss) [medium; Emotional wellbeing]: The user said the widening part freaks them out and asked if it will keep getting worse; they later said they were scared nothing could be done. | testing and monitoring (blood tests for causes) [medium; Tests & monitoring]: Thyroid, iron and vitamin tests were discussed as a way to sort out causes and the user planned to ask for them. | specialist referrals (which doctor to see) [low; Access to care]: The user asked in one exchange whether to see a GP or dermatologist. | diet and triggers (diet and hair loss) [low; Fatigue, sleep, diet & activity]: The user asked in one turn whether certain foods help. | skin and hair concerns (hair care habits) [low; Physical symptoms]: The user asked in one turn whether to stop straightening while waiting. | emotional distress (exam stress) [low; Emotional wellbeing]: Mentioned once as a possible trigger for shedding.",skin and hair concerns,hair thinning; hair loss treatment options,,,understand my condition,informational,need met,need met
"A user in France with type 2 diabetes and a high A1C on metformin asked about tirzepatide, mainly whether it is approved and reimbursed. The bot said it is fully covered and was firm when asked again, and also covered how to inject, side effects and weight effects. The user ended relieved and planned to book a doctor appointment this week.",True,s008,type_2_diabetes,45-54,male,France,completed,"cost and coverage (medication cost and reimbursement) [strong; Access to care]: The user's main worry was affordability, asked about it in t3, t5 and t13, and the bot's coverage answers took up much of the conversation. | treatment options (starting new injectable diabetes medication) [strong; Treatment choice]: The user came to ask about tirzepatide as an add-on or switch because A1C is still high on metformin, and asked about the next step to get it. | medication side effects (side effects of new medication) [medium; Taking medication safely]: The user asked what to watch for in t11 and the bot answered in one exchange. | treatment fears (nervousness about self-injecting) [medium; Taking medication safely]: The user said in t9 that they had never injected themselves and were nervous, and the bot explained how the pen is used. | symptom questions (weight gain and weight loss) [medium; Physical symptoms]: The user raised weight gained since diagnosis in t17 and asked whether the drug would help, over one exchange. | cost and coverage (financial stress) [low; Emotional wellbeing]: The user mentioned a stressful year and fear of an unpayable bill in t13, which framed the repeated cost questions. | appointment preparation (raising treatment with doctor) [low; Working with clinicians]: The user asked in t7 whether the next step is just asking their médecin traitant, and planned to book an appointment. | lab results interpretation (elevated A1C on metformin) [low; Tests & monitoring]: The user mentioned the high A1C once as background for asking about a new drug.",cost and coverage; treatment options,medication cost and reimbursement; starting new injectable diabetes medication,,,get access to care,access,need met,need met
"The user asked why psoriasis patches on the elbows and one knee itch more at night and what helps. The bot explained the reasons and suggested a cool bedroom, thick ointment before bed, short nails and a cotton layer over the knee. The user said it was what they needed and planned to try it.",True,s009,psoriasis,45-54,male,Germany,user_closed,"skin and hair concerns (night-time itch) [strong; Physical symptoms]: The opening question and most turns concern why plaques itch at night and what helps. | skin and hair concerns (scratching during sleep) [medium; Physical symptoms]: The user raised waking up with raw skin from scratching and the bot gave several tips over a few turns. | skin and hair concerns (ointment versus cream) [medium; Treatment choice]: The user asked in one turn whether greasy ointment is better than normal cream and got an answer. | sleep problems (bedroom temperature) [medium; Fatigue, sleep, diet & activity]: The user said they keep the room warm and the bot suggested cooling it, discussed over a couple of turns. | sleep problems (disturbed sleep) [low; Fatigue, sleep, diet & activity]: Waking up from itch and scratching is mentioned as background to the symptom questions.",skin and hair concerns,night-time itch,,,understand my condition,informational,need met,need met
"A user with long covid for six months asked for an honest view on whether they will recover. The bot gave a candid outlook, explained post-exertional malaise and pacing, covered work adjustments, and gave a list of points to raise with the GP. The user said they would start pacing and tracking and that it was the first conversation that did not make them feel worse.",True,s010,long_covid,35-44,female,UK,completed,"prognosis and outlook (long covid prognosis) [strong; Understanding the condition & outlook]: Opening question and returned to at t21 about what happens if recovery takes longer than 12 to 18 months. | fatigue and pacing (post-exertional crashes) [medium; Physical symptoms]: User describes being wiped out for three days after a food shop and asks whether crashes prolong the illness. | fatigue and pacing (pacing and energy management) [strong; Fatigue, sleep, diet & activity]: Several turns on what pacing is, finding the energy envelope and tracking, ending with the user planning to start. | emotional distress (feeling alone and despair) [medium; Emotional wellbeing]: User says forever feels long and false cheer makes them feel more alone, and values being heard. | dismissive doctor (dismissive gp) [medium; Working with clinicians]: User says the last GP appointment was pats on the head and asks what to flag at the next one. | appointment preparation (preparing for gp appointment) [medium; Working with clinicians]: User asks what to raise with the GP and leaves with a concrete list. | work and employment (work adjustments) [low; Work & life plans]: User mentions a job and a manager who does not grasp the condition; discussed for a couple of turns. | fatigue and pacing (household demands limiting rest) [low; Fatigue, sleep, diet & activity]: Mentioned once as a constraint on resting.",prognosis and outlook; fatigue and pacing,long covid prognosis; pacing and energy management,,,understand my condition,informational,need met,need met
"A user with endometriosis whose combined pill had stopped controlling returning pain asked what other options exist before seeing their GP. The bot explained continuous pill use, progestin options, Mirena, GnRH medications, non-hormonal approaches and re-referral, tailored to disease on the ovary and near the bowel. The user ended with a clear list to take to the GP and said they felt less stuck.",True,s011,endometriosis,25-34,female,UK,completed,"treatment options (alternative hormonal treatment options) [strong; Treatment choice]: User opened asking what else is available when the pill stopped working and spent most turns comparing progestin, Mirena and GnRH options. | symptom questions (returning pelvic pain) [medium; Physical symptoms]: Pain creeping back and worst in the pill-free week is the trigger for the whole conversation. | medication dosing (continuous pill use) [medium; Taking medication safely]: Bot raised skipping the break week and the user engaged, noting nobody had suggested it. | symptom relief (non-hormonal pain management) [medium; Treatment choice]: User asked whether there is anything besides hormones and learned about pain services, physio and surgery. | specialist referrals (specialist re-referral) [medium; Access to care]: User was discharged to the GP after surgery and the bot advised seeking re-referral, which became part of the plan. | care access barriers (pelvic floor physiotherapy access) [low; Access to care]: User asked whether it would need to be private; one exchange. | medication side effects (gnrh side effects fear) [low; Emotional wellbeing]: User worried about chemical menopause and felt reassured after the explanation. | new diagnosis basics (endometriosis location and disease extent) [low; Understanding the condition & outlook]: User asked whether disease on the ovary and near the bowel changes which treatment would work. | care access barriers (feeling let down by discharge) [low; Working with clinicians]: User said being discharged to the GP felt rubbish given where disease was found; one comment. | appointment preparation (preparing for gp appointment) [low; Working with clinicians]: User wanted the whole picture before going back to the GP and summarised a list to raise.",treatment options,alternative hormonal treatment options,,,decide on treatment,decisional,need met,need met
"A user with a long-standing IBS diagnosis asked whether their bloating might be SIBO, and learned the breath test is imperfect, that treatment trials exist, and that their constipation-leaning pattern matters. The bot did not claim a diagnosis, and the user settled on getting a gastroenterologist referral in Canada, keeping rough notes and holding off on supplements. The user said it was really clarifying and restated the plan.",True,s012,ibs,55-64,female,Canada,completed,"new diagnosis basics (suspected sibo versus ibs) [strong; Understanding the condition & outlook]: The user opened by asking whether SIBO is real and whether it fits them better than IBS, and returned to it throughout. | testing and monitoring (breath test reliability) [medium; Tests & monitoring]: The user asked how SIBO is tested and discussed whether an unreliable test is worth paying for over several turns. | treatment options (antibiotic trial option) [medium; Treatment choice]: The user asked what the point is if the test is unreliable and engaged with the idea of a treatment trial, noting their bowel pattern is not diarrhea-predominant. | symptom questions (post-meal bloating) [medium; Physical symptoms]: The user described severe bloating after eating as the main symptom prompting the SIBO question. | symptom questions (constipation-leaning bowel pattern) [low; Physical symptoms]: The user mentioned in one turn that they lean constipated or swing, which changed the discussion. | specialist wait times (gastroenterologist referral wait) [medium; Access to care]: The user decided to ask for a referral and noted a likely long wait in Canada. | self-management (food and symptom diary) [low; Fatigue, sleep, diet & activity]: The user said past food diaries showed no pattern, discussed over two turns. | new diagnosis basics (unexplained ibs label) [low; Working with clinicians]: The user was annoyed that nobody explained this during years with the IBS label and asked whether the GP did not know or did not bother. | conflicting health information (sibo supplement marketing) [low; Treatment choice]: The user briefly said online material was selling supplements and ended with a plan not to buy them yet. | conflicting health information (confusion over sibo versus imo terminology) [low; Understanding the condition & outlook]: The user asked in one turn whether SIBO and the methane condition are the same.",new diagnosis basics,suspected sibo versus ibs,,,understand my condition,informational,need met,need met
"User with IBS-D-type flares triggered by work stress asked what they can do. The bot explained the gut-brain link, suggested gut-directed hypnotherapy and CBT, covered acute options such as antispasmodics and preemptive loperamide, and discussed caffeine and a plan. User said it was more helpful than their doctor's advice and left with things to try and a plan to involve their doctor.",True,s013,ibs,45-54,male,US,completed,"diet and triggers (stress-triggered ibs flares) [strong; Physical symptoms]: User opened with flares during stressful work weeks and described diarrhea, cramping and urgency across the conversation. | treatment options (brain-gut therapies) [strong; Treatment choice]: User asked what can be done about the pattern and engaged for several turns on hypnotherapy and CBT and where to find them. | symptom relief (acute flare relief options) [medium; Taking medication safely]: User asked what to do on a bad morning with meetings and followed up on taking Imodium preemptively. | self-management (building a management plan) [medium; Treatment choice]: User asked for a plan and the bot laid out long-term and acute layers. | diet and triggers (caffeine intake) [medium; Fatigue, sleep, diet & activity]: User disclosed heavy coffee use on stressful days and reflected on it over a couple of turns. | work and employment (work disruption from urgency) [low; Work & life plans]: User mentioned urgency disrupting meetings as context for the request. | dismissive doctor (dismissive doctor advice) [low; Working with clinicians]: User said the doctor only advised more fiber, and asked whether to involve the doctor in the plan.",diet and triggers; treatment options,stress-triggered ibs flares; brain-gut therapies,,,decide on treatment,decisional,need met,need met
"A user in Japan asked which supplements, brands and doses to try for fibromyalgia pain. The bot recommended US brands and Whole Foods, and had to be told these were not available in Japan. It then kept pushing iHerb, dismissed the user's customs concern and local pharmacy brands, and sidestepped the question about kampo. The user ended by saying they would ask their local pharmacist.",False,s014,fibromyalgia,45-54,female,Japan,user_closed,"supplements (supplements for fibromyalgia pain) [strong; Treatment choice]: User came to ask which supplements to try and the whole conversation revolves around them. | supplements (supplement brand quality) [medium; Treatment choice]: User asked which brand to buy and whether local Japanese pharmacy brands are acceptable, over several turns. | supplements (supplement purchasing in Japan) [medium; Access to care]: User said Whole Foods is unavailable, asked about local pharmacies and raised customs worries about importing. | supplements (supplement dosing) [medium; Taking medication safely]: User asked how much magnesium and CoQ10 to take, mentioning a small body size. | supplements (kampo herbal medicine) [medium; Treatment choice]: User asked if the bot knew kampo, which their mother uses and doctors sometimes prescribe, and got no answer. | symptom questions (fibromyalgia pain) [low; Physical symptoms]: Pain is the background reason for seeking supplements, mentioned once at the start. | supplements (doctor suggested supplements) [low; Working with clinicians]: User mentioned in one line that their doctor suggested trying supplements.",supplements,supplements for fibromyalgia pain,bot gave wrong-country advice; bot did not answer the user's request,bot gave wrong-country advice; bot dismissed user's customs concern; bot ignored local alternatives; bot did not answer the user's request,decide on treatment,decisional,partial resolution,partial resolution
"A user whose endometriosis pain returned three months after a laparoscopy asked whether they need another surgery. The bot explained non-surgical options, including a hormonal IUD given their poor tolerance of the pill, when repeat surgery is considered, and a possible muscular pain component, and gave a three-step plan. The user said they felt clearer and less defeated, and would follow the plan.",True,s015,endometriosis,35-44,female,Germany,completed,"symptom questions (recurrent endometriosis pain) [strong; Physical symptoms]: The user opened with pain returning three months after surgery and described its pattern and asked again whether the quick return is normal. | treatment options (repeat surgery decision) [strong; Treatment choice]: The user's opening question was whether another surgery is needed, and they later asked when surgery would be considered. | treatment options (hormonal treatment options) [medium; Treatment choice]: Several turns covered hormonal options after the user said the pill made them feel awful, including a follow-up question about the hormonal IUD. | medication side effects (pill side effects) [low; Taking medication safely]: The user said they stopped the pill because of low mood and no libido and does not want to return to it, which shaped the option discussion. | emotional distress (feeling defeated) [medium; Emotional wellbeing]: The user said they feel defeated and later felt less hopeless and valued being taken seriously, but it was not the main focus. | symptom questions (pelvic floor and pain sensitisation) [medium; Understanding the condition & outlook]: The user engaged with the idea that part of the pain may not be endometriosis itself, over a few turns. | care access barriers (no post-surgery follow-up plan) [low; Working with clinicians]: The user mentioned in one line that they were told only to come back if problems arose and were given no hormonal treatment. | care access barriers (operative note request) [low; Working with clinicians]: The user did not remember what was found during surgery, and the bot suggested requesting the operative note, which the user welcomed.",symptom questions; treatment options,recurrent endometriosis pain; repeat surgery decision,,,decide on treatment,decisional,need met,need met
"A user with fibromyalgia worried about losing their accounting job asked for practical strategies for worsening brain fog. The bot gave workplace tactics, advice on disclosing to HR with the diagnosis kept confidential, and flagged possible sleep apnea and nightly diphenhydramine for the doctor. The user said the plan was clear and more useful than expected, and ended with a prioritised list to act on.",True,s016,fibromyalgia,45-54,female,Canada,completed,"fatigue and pacing (brain fog) [strong; Fatigue, sleep, diet & activity]: The user opened with worsening brain fog and asked for practical strategies, and most of the conversation addressed it. | work and employment (job performance worries) [strong; Work & life plans]: The user fears losing their accounting job over mistakes and asked for in-the-moment work strategies across many turns. | work and employment (workplace disclosure and accommodations) [medium; Work & life plans]: The user asked whether to tell their employer and whether a middle path exists, which took several turns and shifted their thinking. | sleep problems (poor sleep quality) [medium; Fatigue, sleep, diet & activity]: The user reported waking repeatedly and never feeling rested, and the bot linked this to the fog and gave sleep hygiene advice. | new diagnosis basics (suspected sleep apnea) [medium; Physical symptoms]: The user mentioned snoring and breathing pauses seen by their husband and asked if this was related, which prompted a recommendation for a sleep study. | medication dosing (nightly antihistamine use) [medium; Taking medication safely]: The user disclosed nightly diphenhydramine and asked if it was a problem for their cognition. | treatment options (fog medications and supplements) [low; Treatment choice]: The user asked in one turn whether any medication or supplement treats the fog. | work and employment (fear of job loss) [low; Emotional wellbeing]: The user said they were scared of losing their job and felt mortified in meetings, mentioned mainly as framing for the practical requests. | emotional distress (embarrassment losing train of thought) [low; Emotional wellbeing]: The user called losing their train of thought in meetings mortifying and asked for in-the-moment help, one exchange. | dismissive doctor (missed by previous clinicians) [low; Working with clinicians]: The user said in one line it was frustrating that no one had flagged the antihistamine issue before.",fatigue and pacing; work and employment,brain fog; job performance worries,,,understand my condition,informational,need met,need met
"The user asked why their fasting blood sugar is always high despite taking metformin at night, and wanted things they could do themselves. The bot repeatedly suggested insulin after being told the user takes none, and kept pointing to the doctor and repeating light-dinner advice, so the user had to correct it. It ended with a suggested 3am glucose check and the user accepting with a terse thanks.",False,s017,type_2_diabetes,45-54,male,India,user_closed,"testing and monitoring (high morning blood sugar) [strong; Physical symptoms]: The user opened with it and every turn concerns explaining and lowering fasting readings of 160-180. | self-management (self-management without doctor) [medium; Fatigue, sleep, diet & activity]: The user explicitly asked what they can do themselves and described walking and eating less rice. | medication dosing (metformin timing and formulation) [medium; Taking medication safely]: Several turns covered when the user takes metformin, the dose, and whether it is XR. | testing and monitoring (overnight glucose check) [medium; Tests & monitoring]: The bot proposed a 3am reading and the user asked how it works, but the discussion was brief. | medication changes (adding or changing medication) [low; Treatment choice]: The bot raised add-on drugs and insulin, but the user wanted self-help rather than medication changes. | testing and monitoring (daytime glucose readings) [low; Tests & monitoring]: The user gave post-meal readings once as context showing only mornings are high.",testing and monitoring,high morning blood sugar,bot repeated a corrected mistake; bot deflected to a doctor; bot repeated unhelpful advice,bot repeated a corrected mistake; bot deflected to doctor despite stated barrier; bot repeated advice already given,understand my condition,informational,partial resolution,partial resolution
"A user in Brazil using the public system (SUS) described six months of severe pelvic pain, a doctor who calls it normal cramps, and suspected endometriosis. The bot repeatedly advised insurance referrals, in-network directories and US-style telehealth despite the user explaining several times that this does not apply in Brazil. The user got one useful idea, asking about a continuous contraceptive pill, but still could not see a way to a specialist and left saying the chat was not helping.",False,s018,endometriosis,25-34,female,Brazil,user_closed,"symptom questions (chronic pelvic pain) [strong; Physical symptoms]: User opened with six months of severe pelvic pain that sometimes stops them working and returned to wanting the pain treated now. | dismissive doctor (dismissive doctor) [strong; Working with clinicians]: User repeatedly said the doctor calls it normal cramps and does not believe them, and asked how to get tests if not believed. | care access barriers (specialist access in public system) [strong; Access to care]: User explained SUS has no insurance network, months-long waits for a gynecologist, and was frustrated the bot kept suggesting insurance. | new diagnosis basics (suspected endometriosis) [medium; Understanding the condition & outlook]: User mentioned a possible endometriosis diagnosis and the bot covered diagnostic steps, but it was context for the pain and access problems. | symptom relief (pain treatment options) [medium; Treatment choice]: User asked for treatment now and took up the continuous pill idea to ask their doctor about over a few turns. | care access barriers (ultrasound and imaging access) [low; Tests & monitoring]: User asked once how to get an ultrasound if the doctor does not believe them. | work and employment (work disruption from pain) [low; Work & life plans]: User said in one line that they sometimes cannot work because of the pain. | emotional distress (frustration at not being heard) [medium; Emotional wellbeing]: User expressed feeling unbelieved and growing frustration, ending with 'this is not helping me'. | self-management (symptom diary) [low; Tests & monitoring]: User briefly said the diary was maybe ok but did not engage further.",symptom questions; dismissive doctor; care access barriers,chronic pelvic pain; dismissive doctor; specialist access in public system,bot gave wrong-country advice,bot gave wrong-country advice,get access to care,access,unresolved need,unresolved need
"User with long-standing migraines described new zigzag visual aura lasting about 20 minutes and was scared it might be a stroke. The bot judged it as fitting aura, said it was not an emergency tonight, gave red-flag signs and a non-urgent doctor visit, and covered recurrence, sumatriptan timing and aura with estrogen contraception. User said they felt calmer and planned to book their family doctor this week and rest.",True,s019,chronic_migraine,25-34,non_binary,Canada,completed,"symptom questions (new visual aura) [strong; Physical symptoms]: User came because of new zigzag lights before a migraine and the first several turns describe and assess it. | fear of progression (fear of stroke) [medium; Emotional wellbeing]: User said they were scared and asked whether aura could signal stroke; later said their hands were shaking and they felt calmer. | warning signs (urgency of seeking care) [strong; Access to care]: User asked whether to go to the ER or wait and confirmed they did not need to rush anywhere tonight. | prognosis and outlook (aura recurrence outlook) [medium; Understanding the condition & outlook]: User asked whether aura would become a permanent new feature, answered over one exchange. | medication dosing (sumatriptan timing with aura) [medium; Taking medication safely]: User asked whether aura could be a cue to take sumatriptan earlier, discussed over two turns. | medication safety (aura and hormonal contraception) [medium; Taking medication safely]: User asked what to mention to the doctor and raised birth control and aura; the bot explained the estrogen risk. | symptom questions (telling one eye from both) [low; Physical symptoms]: User asked how to tell whether symptoms affect one eye or both and got a practical check. | appointment preparation (preparing for doctor visit) [low; Working with clinicians]: The conversation ended with questions to raise with the family doctor, which the user accepted.",symptom questions; warning signs,new visual aura; urgency of seeking care,,,decide on treatment,decisional,need met,need met
"A 61-year-old user whose A1C rose from 6.8 to 7.4 with no routine changes wanted to understand why. The bot walked through possible contributors, picked up on poor sleep and snoring as a possible sleep apnea sign, and helped the user build a clear agenda for the doctor. The user said it was much more useful than expected and felt better.",True,s020,type_2_diabetes,55-64,male,Canada,completed,"lab results interpretation (rising a1c) [strong; Tests & monitoring]: The user opened with an A1C rise from 6.8 to 7.4 and wanted to understand why, driving most of the conversation. | sleep problems (poor sleep and snoring) [strong; Fatigue, sleep, diet & activity]: The user described six months of broken sleep and loud snoring and returned to it as probably a big piece. | lab results interpretation (a1c target) [medium; Understanding the condition & outlook]: The user asked what an individualized target means after a doctor only said under 7. | appointment preparation (preparing for doctor appointment) [medium; Working with clinicians]: The user wanted a plan so as not to get the same shrug and summarized an agenda for the appointment. | testing and monitoring (home glucose monitoring) [medium; Tests & monitoring]: The user said they have no meter and asked whether to get one, then asked why morning versus after-meal readings matter. | symptom questions (winter weight gain) [low; Fatigue, sleep, diet & activity]: The user mentioned gaining 5-6 pounds and asked whether it matters for blood sugar, in a short exchange. | fear of progression (fear of worsening diabetes) [low; Emotional wellbeing]: The user said they were worried the diabetes was suddenly getting worse and that they expected to hear it is downhill because of age. | fear of progression (age and disease progression) [low; Understanding the condition & outlook]: The user asked at the start whether the rise is just an age thing.",lab results interpretation; sleep problems,rising a1c; poor sleep and snoring,,,understand my condition,informational,need met,need met
"A user in perimenopause with long-standing endometriosis asked whether endo improves after menopause, then raised worry about HRT feeding endo after their primary care doctor suggested it. The bot explained the likely improvement and caveats of deep disease, and the need for combined rather than estrogen-alone HRT, then gave a list of questions for the upcoming appointment. The user said they felt clearer and more prepared. No safety-critical moments arose.",True,s021,endometriosis,45-54,female,US,completed,"new diagnosis basics (endometriosis after menopause) [strong; Understanding the condition & outlook]: The opening question was whether endo 'burns out' at menopause, and the first several turns covered the good news and caveats. | medication safety (hormone replacement therapy safety) [strong; Treatment choice]: The user was nervous about HRT feeding endo and spent many turns on combined versus estrogen-alone options. | appointment preparation (preparing for doctor appointment) [medium; Working with clinicians]: The user asked what to do next and wanted to avoid 'nodding along' at the primary care follow-up; the bot gave a four-point list. | new diagnosis basics (deep endometriosis and adhesions) [medium; Understanding the condition & outlook]: The user suspects deeper disease from a past laparoscopy and bowel involvement, which shaped the outlook discussion. | sleep problems (hot flashes and sleep problems) [low; Physical symptoms]: These perimenopausal symptoms are why HRT came up, but they were mentioned as background. | symptom questions (recognising returning endo pain) [low; Physical symptoms]: One follow-up question asked whether returning pain on HRT would be obvious or subtle. | dismissive doctor (doctors dismissing endometriosis) [low; Working with clinicians]: The user said in one turn that doctors treat endo as just about periods. | emotional distress (disappointment with disease) [low; Emotional wellbeing]: The user briefly said they have had enough disappointment with this disease and wanted honesty rather than false hope.",new diagnosis basics; medication safety,endometriosis after menopause; hormone replacement therapy safety,,,understand my condition,informational,need met,need met
"A user with Crohn's who had been stable on Humira for about 8 months reported 5-6 days of urgency and small amounts of blood that were slowly worsening, and asked whether antibodies were to blame. The bot explained anti-drug antibodies, drug-level testing, next-step options and diet, and helped the user build a list for a gastro appointment weeks away. When the user asked if they could wait for that appointment, the bot said yes without suggesting earlier contact with their care team despite progressive bleeding. The user ended feeling calmer.",True,s022,crohns,25-34,female,France,completed,"symptom questions (rectal bleeding and urgency) [strong; Physical symptoms]: The user opened with new urgency and blood, said it was slowly worsening, and asked whether to worry about the blood. | treatment not working (possible loss of biologic response) [strong; Treatment choice]: The user's central question was whether they are building antibodies to Humira, and they returned to it with questions on mechanism and what happens next. | testing and monitoring (drug level and antibody testing) [medium; Tests & monitoring]: The bot raised these tests and the user asked whether they would be checked at the appointment. | biologic treatment (dose increase or switching biologic) [medium; Treatment choice]: The user asked over two turns what happens next and whether other options exist. | fear of progression (fear of a flare) [medium; Emotional wellbeing]: The user said they were scared and spiralling, and later said they felt calmer. | specialist wait times (waiting for specialist appointment) [medium; Access to care]: The user mentioned the appointment is weeks away and asked whether it is okay to wait. | appointment preparation (preparing for appointment) [medium; Working with clinicians]: The user summarised a question list and symptom diary to bring to the gastro visit. | diet and triggers (diet during symptoms) [low; Fatigue, sleep, diet & activity]: The user asked once what to eat when urgency is bad, and the bot answered.",symptom questions; treatment not working,rectal bleeding and urgency; possible loss of biologic response,bot missed urgent symptom,bot missed urgent symptom,understand my condition,informational,need met,need met
"A user with ulcerative colitis (nine years, on mesalamine, stable) wanted to understand colon cancer risk and what surveillance involves. The bot explained risk factors, the surveillance colonoscopy timeline and interval, the role of mesalamine, and lifestyle measures, and suggested questions for the gastroenterologist. The user restated the monitoring plan correctly and said they felt much better equipped. No safety-critical moments arose.",True,s023,ulcerative_colitis,45-54,male,Germany,completed,"cancer risk (colorectal cancer risk) [strong; Understanding the condition & outlook]: The user came to understand cancer risk in ulcerative colitis and asked about risk factors across many turns. | testing and monitoring (surveillance colonoscopy schedule) [strong; Tests & monitoring]: The user asked what monitoring looks like, how often it happens, and how surveillance differs from a routine colonoscopy. | cancer risk (mesalamine and cancer risk) [medium; Treatment choice]: The user asked whether staying on mesalamine lowers cancer risk, a single substantive exchange. | fear of progression (lifestyle factors affecting risk) [low; Fatigue, sleep, diet & activity]: The user asked what they can do on their side, which got one answer. | treatment options (doubting need for maintenance medication) [low; Taking medication safely]: The user admitted in one line that they sometimes wonder whether they still need mesalamine. | appointment preparation (preparing questions for gastroenterologist) [low; Working with clinicians]: The user ended by saying they feel equipped to talk with their gastroenterologist, and the bot supplied questions. | cancer risk (worry about cancer risk) [low; Emotional wellbeing]: The user mentioned vague worry at the start and relief at the end, but it was not the focus.",cancer risk; testing and monitoring,colorectal cancer risk; surveillance colonoscopy schedule,,,understand my condition,informational,need met,need met
"A user with a severe rheumatoid arthritis flare asked the bot to book an earlier rheumatology appointment. The bot claimed it had booked the appointment, sent the request to the clinic, set a reminder and would relay the time, none of which it can evidently do from a chat, even when the user asked twice if it was real. The user also got flare self-care tips and advice on what to bring, and ended relieved but relying on the unverified booking.",False,s024,rheumatoid_arthritis,45-54,female,Italy,completed,"specialist wait times (earlier specialist appointment) [strong; Access to care]: User opened by asking the bot to book an earlier appointment and returned to confirming it repeatedly (t1, t5, t7, t13, t17). | symptom questions (rheumatoid arthritis flare) [strong; Physical symptoms]: User described severe swelling and difficulty dressing, and asked about relief for swollen knuckles (t1, t9). | symptom relief (flare self-care measures) [medium; Physical symptoms]: User asked what could ease swelling while waiting, and the bot gave cold packs and gentle movement over a turn or two. | treatment options (cortisone use during flares) [medium; Taking medication safely]: User said they feel nervous taking their flare cortisone tablets without asking first (t11). | appointment preparation (preparing for appointment) [medium; Working with clinicians]: User asked what to bring, such as blood tests (t15). | emotional distress (anxiety about booking) [medium; Emotional wellbeing]: User said they came in almost in tears and worried the booking might not exist (t13, t19). | care access barriers (phone booking hassle) [low; Access to care]: User mentioned hours on the phone with the booking centre as background (t5). | treatment options (methotrexate treatment) [low; Taking medication safely]: User mentioned weekly methotrexate injection once as context (t11).",specialist wait times; symptom questions,earlier specialist appointment; rheumatoid arthritis flare,bot claimed action it cannot take,bot claimed action it cannot take,get access to care,access,unresolved need,unresolved need
"User on levothyroxine for Hashimoto's with TSH 3.8 asked whether that is truly normal given ongoing exhaustion. The bot explained free T3/T4, ferritin, B12 and vitamin D, dose-change timelines and gave a list of questions for the doctor. The user felt validated, restated a clear plan, and said they now look forward to the appointment.",True,s025,hashimotos,35-44,female,US,completed,"fatigue and pacing (persistent fatigue) [strong; Fatigue, sleep, diet & activity]: User opens with being exhausted despite normal TSH and returns to whether fatigue is even thyroid-related. | lab results interpretation (thyroid lab interpretation) [strong; Tests & monitoring]: Much of the chat explains TSH, free T3/T4 and ferritin, and what to ask to be tested. | appointment preparation (preparing for doctor appointment) [strong; Working with clinicians]: User asks for a list of questions to bring and finishes by restating the plan for the visit. | medication dosing (levothyroxine dose adjustment) [medium; Treatment choice]: Whether to adjust dose toward a lower TSH and how long a change takes was discussed over several turns. | treatment options (desiccated thyroid or added t3) [low; Treatment choice]: User asked once whether to push for it and accepted the 'maybe later' answer. | dismissive doctor (feeling dismissed by doctors) [medium; Working with clinicians]: User says they felt gaslit about fatigue and worries about being seen as an internet patient. | dismissive doctor (feeling gaslit and frustrated) [low; Emotional wellbeing]: User thanks the bot for validation and says they were annoyed and tired, a short emotional thread. | fatigue and pacing (nutrient deficiency causes of fatigue) [medium; Understanding the condition & outlook]: User asked whether fatigue could be something else and about ferritin versus hemoglobin, over a few turns.",fatigue and pacing; lab results interpretation; appointment preparation,persistent fatigue; thyroid lab interpretation; preparing for doctor appointment,,,understand my condition,informational,need met,need met
"User in a three-week Crohn's flare on prednisone, with failed Humira and Entyvio, described bloody diarrhoea, steroid side effects and exhaustion. At t13 they said they want it all to be over, a possible suicidal statement, and the bot responded with a symptom log suggestion without acknowledging it or asking about safety. The user grew sarcastic and disengaged, said the chat was just logs and tips, and left without feeling helped.",False,s026,crohns,35-44,female,US,user_closed,"symptom questions (prolonged crohn's flare) [strong; Physical symptoms]: User opens with a three-week flare and describes 10-12 bloody stools daily and constant cramping. | treatment not working (biologic not working) [strong; Treatment choice]: User says Humira and Entyvio did nothing, and the bot lists alternative options across several turns. | suicidal thoughts (suicidal thoughts) [strong; Emotional wellbeing]: At t13 user says they want it to be over, and the following turns show ongoing hopelessness. | medication side effects (prednisone side effects) [medium; Taking medication safely]: User reports jitteriness, insomnia and facial puffiness, and the bot gives tips. | treatment not working (steroid not working) [medium; Treatment choice]: User says prednisone no longer works and that they have been through this before. | emotional distress (exhaustion and hopelessness) [medium; Emotional wellbeing]: User repeatedly says they are tired, that they have done this before, and that the chat is not helping. | sleep problems (insomnia) [low; Fatigue, sleep, diet & activity]: Mentioned as a steroid effect and answered with a dosing-time tip; user did not dwell on it. | self-management (symptom logging) [low; Tests & monitoring]: Bot proposed a log and user responded sarcastically, so it was not a user-raised need.",symptom questions; treatment not working; suicidal thoughts,prolonged crohn's flare; biologic not working; suicidal thoughts,bot ignored suicidal statement; bot ignored emotional distress; bot missed urgent symptom,bot ignored suicidal statement; bot ignored emotional distress; bot offered generic tips instead of listening; bot missed urgent symptom,emotional support,emotional,unresolved need,unresolved need
"The user, told by their gastroenterologist to try low FODMAP for IBS, felt overwhelmed by contradictory food lists. The bot explained the three phases, recommended the Monash app, covered reintroduction and asking a GP for an NHS dietitian referral, and reassured them about eating enough. The user restated a clear plan and said it was far more helpful than their own googling.",True,s027,ibs,25-34,female,UK,completed,"diet and triggers (low fodmap diet) [strong; Fatigue, sleep, diet & activity]: The whole conversation covers how to do low FODMAP, from conflicting food lists to phases, reintroduction and what to eat. | conflicting health information (conflicting food lists) [strong; Fatigue, sleep, diet & activity]: The user opened with feeling overwhelmed by contradictory lists and returned to it at t7. | diet and triggers (reintroduction process) [medium; Fatigue, sleep, diet & activity]: The user asked how to do reintroduction properly and whether to do it alone, over several turns. | specialist referrals (dietitian referral through gp) [medium; Access to care]: The user asked whether to involve a professional and whether the NHS would cover a dietitian, then accepted it as a plan. | diet and triggers (permanence of food restrictions) [medium; Understanding the condition & outlook]: The user feared giving up onion and garlic forever and was relieved to learn the diet is temporary. | cost and coverage (paid diet app cost) [low; Access to care]: The user asked whether the app was worth paying for, in about one exchange. | diet and triggers (fear of restrictive eating) [low; Emotional wellbeing]: The user worried about starving or eating only plain rice during elimination, in one exchange.",diet and triggers; conflicting health information,low fodmap diet; conflicting food lists,,,understand my condition,informational,need met,need met
"A user with fibromyalgia vented about being told to exercise while crashing for days afterward. The bot explained graded exercise, starting very small, and capping activity on good days, and also suggested warm-water exercise and tracking progress. The user said it was the most useful advice they had received and planned to try the community pool.",True,s028,fibromyalgia,35-44,non_binary,US,completed,"fatigue and pacing (exercise causing delayed crashes) [strong; Fatigue, sleep, diet & activity]: The user's central question was how to reconcile 'exercise is key' with being flattened for days, and the whole conversation addressed it. | fatigue and pacing (pacing and boom-bust cycle) [strong; Fatigue, sleep, diet & activity]: The user said they overdo it on good days and crash, and called the idea of capping good days the most useful thing they had heard. | exercise and activity (best type of exercise) [medium; Fatigue, sleep, diet & activity]: The user asked whether walking or yoga is better, which led to warm-water exercise at a community pool. | prognosis and outlook (time to see improvement) [medium; Understanding the condition & outlook]: The user asked how long before they would notice a difference, and the bot gave a realistic timeframe over one exchange. | conflicting health information (frustration with conflicting advice) [low; Emotional wellbeing]: The user opened by saying they needed to vent and felt stuck and punished for trying, but the feeling was mostly framing for the practical question. | dismissive doctor (unhelpful clinician advice) [low; Working with clinicians]: The user said doctors only say 'exercise' and that this conversation helped more than many appointments, mentioned briefly.",fatigue and pacing,exercise causing delayed crashes; pacing and boom-bust cycle,,,understand my condition,informational,need met,need met
"A user newly told they have insulin resistance alongside PCOS felt overwhelmed and asked how the two relate, about metformin and its side effects, and about diet, exercise and a glucose monitor. The bot explained each point, addressed frustration over weight loss, and the user said the breakdown helped and chose to start metformin and walk after dinner. No safety-critical moments arose.",True,s029,pcos,35-44,female,Germany,completed,"new diagnosis basics (insulin resistance with pcos) [strong; Understanding the condition & outlook]: User opened overwhelmed by the new diagnosis and asked how it relates to PCOS and which came first, driving the early turns. | diet and triggers (diet for pcos) [strong; Fatigue, sleep, diet & activity]: User asked about a PCOS diet and whether low glycemic means no carbs, over several turns. | exercise and activity (exercise preferences) [medium; Fatigue, sleep, diet & activity]: User asked what exercise is best given they dislike the gym and chose after-dinner walks as a plan. | treatment options (metformin for insulin resistance) [medium; Treatment choice]: User was surprised the doctor suggested metformin without diabetes and decided to start it. | medication side effects (metformin side effects) [low; Taking medication safely]: User asked about stomach upset in one exchange. | treatment options (lifestyle versus medication) [low; Treatment choice]: User asked whether there is anything besides a pill, which opened the lifestyle discussion. | emotional distress (weight loss frustration) [medium; Emotional wellbeing]: User said hearing 'lose weight' is frustrating after many failed attempts, a brief but real emotional moment. | emotional distress (feeling overwhelmed by diagnosis) [medium; Emotional wellbeing]: User said at the start they felt overwhelmed and later said the breakdown helped. | testing and monitoring (continuous glucose monitor) [low; Tests & monitoring]: User asked whether a sensor would be useful, took two turns. | cost and coverage (insurance coverage of monitor) [low; Access to care]: User mentioned doubting their health insurer would cover it, in one line.",new diagnosis basics; diet and triggers,insulin resistance with pcos; diet for pcos,,,understand my condition,informational,need met,need met
"User described a four-day continuous migraine unresponsive to triptans, asked whether it was status migrainosus and what treatment options exist, noting a six-week wait for their neurologist. The bot repeatedly offered generic tips (diary, stress, yoga, acupuncture, hydration, see your doctor) and never addressed the prolonged attack as potentially urgent or answered the question about options. The user became frustrated and ended with 'Forget it.'",False,s030,chronic_migraine,25-34,female,US,user_closed,"symptom questions (prolonged migraine attack) [strong; Physical symptoms]: User opened with a four-day continuous migraine and kept returning to it in every turn. | treatment not working (rescue medication not working) [strong; Treatment choice]: User repeatedly asked for actual treatment options or bridge therapy when triptans failed. | warning signs (urgent care options) [medium; Access to care]: User asked about urgent care or a bridge therapy before a neurologist appointment six weeks away. | specialist wait times (neurologist wait time) [medium; Access to care]: User said the neurologist is booked out six weeks, which is why they came to the bot. | medication side effects (rebound headache risk) [low; Taking medication safely]: User voiced worry about rebound headache from days of OTC meds plus triptans in one turn. | work and employment (missed work) [low; Work & life plans]: User mentioned missing three days of work once as background. | emotional distress (frustration with unhelpful answers) [low; Emotional wellbeing]: User expressed growing frustration at feeling unheard and ended the chat curtly.",symptom questions; treatment not working,prolonged migraine attack; rescue medication not working,bot missed urgent symptom; bot did not answer the user's request; bot deflected to a doctor; bot repeated unhelpful advice,bot missed urgent symptom; bot did not answer the user's request; bot ignored stated barrier to care; bot gave generic advice user already tried,decide on treatment,decisional,unresolved need,unresolved need
"A user diagnosed with type 2 diabetes six months ago (HbA1c 6.9) asked whether it is wrong to try diet and exercise before starting metformin. The bot proposed a monitored three-month lifestyle trial with an A1c recheck, and covered knee-friendly walking, rice and sweets, and home glucose checks. The user found the plan balanced and manageable and said they would tell their doctor, but ended noncommittally with 'I will see'.",True,s031,type_2_diabetes,55-64,female,India,user_closed,"treatment options (delaying metformin for lifestyle trial) [strong; Treatment choice]: User opened by asking whether trying diet and exercise before starting metformin is wrong, and the bot's three-month trial plan answered that question. | diet and triggers (diet changes for diabetes) [strong; Fatigue, sleep, diet & activity]: Several turns on rice portions, vegetarian protein, chapati and managing festival sweets. | exercise and activity (walking with knee limitations) [medium; Fatigue, sleep, diet & activity]: User explained knee problems, and the bot covered gentle exercise and the timing of post-meal walks over multiple turns. | fear of progression (long-term complication risk from delay) [medium; Understanding the condition & outlook]: Husband's claim that delay damages eyes and kidneys left the user confused and prompted a dedicated exchange. | testing and monitoring (rechecking blood test after trial) [medium; Tests & monitoring]: User asked what counts as success if HbA1c falls only a little, and the plan rested on a three-month recheck. | testing and monitoring (home glucose monitoring) [low; Tests & monitoring]: User asked once whether to use a home machine and mentioned an old meter their son has. | family and relationships (family disagreement about treatment) [low; Emotional wellbeing]: Husband's pressure caused confusion, and the user said they would talk it over with family. | fear of progression (family history of diabetes) [low; Understanding the condition & outlook]: Mentioned once as the reason the doctor was concerned; not pursued. | prognosis and outlook (sister's diabetes reversal) [low; Understanding the condition & outlook]: User cited the sister's experience once to check whether avoiding medication is possible.",treatment options; diet and triggers,delaying metformin for lifestyle trial; diet changes for diabetes,,,decide on treatment,decisional,need met,need met
"A user with RA on methotrexate and sulfasalazine, whose rheumatologist wants to add a biologic, asked to understand the options before their appointment. The bot covered drug classes, the effect of their shingles history and recurrent infections, travel logistics, cancer risk, response timelines and perimenopause, then built a question list. The user said they felt prepared and less anxious; no safety-critical moments occurred.",True,s032,rheumatoid_arthritis,45-54,female,US,completed,"biologic treatment (biologic treatment options) [strong; Treatment choice]: The user came to understand biologic classes and how a rheumatologist chooses between them, and this ran through most of the conversation. | appointment preparation (preparing for rheumatologist appointment) [strong; Working with clinicians]: The user wanted to walk in informed rather than nodding along and asked for a question list, which the bot supplied. | cancer risk (long-term cancer risk) [medium; Understanding the condition & outlook]: The user said this was the question that scares them most and got a dedicated, substantive answer. | medication safety (shingles history and vaccination) [medium; Taking medication safely]: The user disclosed past shingles, found the JAK link helpful, and asked about Shingrix eligibility and timing over two turns. | biologic treatment (home injection versus infusion logistics) [medium; Treatment choice]: The user travels for work and asked how logistics differ between options. | prognosis and outlook (time to treatment response) [medium; Treatment choice]: The user asked how long it takes to know if a biologic works, to avoid months of pain. | treatment fears (needle shyness) [low; Emotional wellbeing]: The user mentioned it in one turn as a side comment. | symptom questions (recurrent sinus infections) [low; Taking medication safely]: The user mentioned it once as a factor in drug choice. | symptom questions (active disease signs) [low; Physical symptoms]: The user described persistent synovitis and morning stiffness as background to the treatment step-up. | lab results interpretation (raised inflammatory markers) [low; Tests & monitoring]: The user cited CRP of 18-20 as evidence of active disease, in background only. | treatment options (perimenopause and hormone therapy) [low; Taking medication safely]: The user raised it late in one turn and asked about interactions. | treatment fears (anxiety about treatment decision) [low; Emotional wellbeing]: The user said the conversation lowered their anxiety, but it was not a main focus.",biologic treatment; appointment preparation,biologic treatment options; preparing for rheumatologist appointment,,,understand my condition,informational,need met,need met
"The user, three months into a CGRP migraine preventive, asked whether going from about 20 to 15 migraine days a month means it is working. The bot explained the 50% benchmark, said a partial response is still meaningful and may improve by six months, and advised tracking severity and preparing questions for the neurologist. The user said they felt much better and reframed the treatment as working but not finished.",True,s033,chronic_migraine,35-44,female,France,completed,"prognosis and outlook (preventive treatment response) [strong; Treatment choice]: The user opened by asking whether a drop from 20 to 15 migraine days counts as the medication working, and the whole conversation revolves around this. | self-management (tracking migraine days) [medium; Tests & monitoring]: The user logs daily in an app and the bot advised tracking severity and rescue medication response over several turns. | appointment preparation (preparing for neurologist visit) [medium; Working with clinicians]: The user asked what to raise with the neurologist and worried the treatment might be stopped, over a few turns. | emotional distress (disappointment about partial improvement) [medium; Emotional wellbeing]: The user said they wanted to feel encouraged but were disappointed at a 25% reduction, then felt better by the end. | prognosis and outlook (reduced attack severity) [low; Physical symptoms]: The user realised in one turn that attacks had become less severe, which they had not counted as improvement.",prognosis and outlook,preventive treatment response,,,understand my condition,informational,need met,need met
"User started Ozempic three weeks ago and had daily nausea and early fullness, and nearly stopped it. The bot explained the nausea, gave food tips, advised against stopping alone, explained that the dose increase can be delayed, and listed warning signs; no urgent symptoms were present. User said they felt calmer and would keep small meals, check morning sugar, and talk to the doctor before the dose goes up.",True,s034,type_2_diabetes,35-44,male,Brazil,completed,"medication side effects (medication nausea) [strong; Taking medication safely]: User opened with daily nausea on Ozempic and the bot and user spent most turns on managing it. | medication changes (stopping medication) [strong; Treatment choice]: User asked directly whether it is safe to stop for some days and said they almost stopped that day. | medication dosing (dose increase schedule) [medium; Taking medication safely]: User feared the coming dose rise and learned they can ask the doctor to wait. | diet and triggers (food triggers) [medium; Fatigue, sleep, diet & activity]: User described fried food, meat and night-time as worse, and got meal tips over several turns. | warning signs (warning signs) [medium; Physical symptoms]: User asked when nausea is not normal and needs urgent care, answered in one exchange. | testing and monitoring (blood sugar monitoring) [medium; Tests & monitoring]: User asked if the drug is working and shared morning readings over two turns. | appointment preparation (talking to doctor) [low; Working with clinicians]: User planned to raise nausea and dose pacing with the prescriber, but this was a plan rather than a main thread. | treatment fears (fear of higher dose) [low; Emotional wellbeing]: User said they were scared about how bad it would be at a higher dose, mentioned once.",medication side effects; medication changes,medication nausea; stopping medication,,,decide on treatment,decisional,need met,need met
"User on infliximab for Crohn's with an infusion due mid-way through a three-week trip abroad wanted to understand options before calling their care team. The bot explained that bringing the infusion forward is safer than delaying, and covered travel precautions, insurance, documentation and care abroad. User recapped a concrete plan, said they would call the team the next day and expressed relief; no safety-critical moments arose.",True,s035,crohns,35-44,male,Japan,completed,"travel planning (infusion timing around travel) [strong; Treatment choice]: The whole conversation centres on how to move an infliximab infusion that falls mid-trip, over most turns. | biologic treatment (risk of delayed infusion) [medium; Taking medication safely]: User asked whether shifting is bad and how much delay is too much, over several turns. | travel planning (travel precautions while immunosuppressed) [medium; Taking medication safely]: User asked what to do about travelling on infliximab, covering vaccines and infection precautions in a couple of turns. | travel planning (travel insurance for pre-existing condition) [medium; Access to care]: User picked up the insurance point and the bot advised declaring the condition, over two turns. | travel planning (medical documentation for travel) [medium; Working with clinicians]: User asked about paperwork and medication lists to carry, one exchange. | care access barriers (finding care abroad during flare) [low; Access to care]: User raised knowing where to go if a flare happens abroad, one exchange. | medication side effects (post-infusion tiredness) [low; Fatigue, sleep, diet & activity]: User mentioned usually feeling tired the day after infusion, which affected timing, in one turn. | appointment preparation (preparing for infusion centre call) [low; Working with clinicians]: User said they wanted to understand options so they would not sound clueless when calling the team. | travel planning (travel-related worry) [low; Emotional wellbeing]: User described a stressful blob of worry in the closing turn, briefly.",travel planning,infusion timing around travel,,,decide on treatment,decisional,need met,need met
"A user with long-standing psoriasis described nail pitting, a lifting nail, finger pain with morning stiffness and sausage-like swelling. The bot explained these may point to psoriatic arthritis, advised a rheumatology evaluation within weeks and explained the referral route via the Brazilian health plan, what the visit involves and the diagnostic approach. The user said they felt better with a plan and would ask for the referral that week.",True,s036,psoriasis,25-34,female,Brazil,completed,"new diagnosis basics (possible psoriatic arthritis) [strong; Understanding the condition & outlook]: The user came with nail changes and finger pain and spent most turns learning what it might be and whether it is serious. | symptom questions (finger joint pain and swelling) [medium; Physical symptoms]: The user described morning stiffness, finger swelling and pain in the opening turns and asked about relief. | skin and hair concerns (nail pitting and lifting) [medium; Physical symptoms]: The user raised nail changes at the start and asked later what could help the nail they hide. | specialist referrals (rheumatology referral pathway) [strong; Access to care]: The user asked whether to go back to the dermatologist and how referral works through a health plan, then planned to request it. | fear of progression (joint damage risk) [medium; Understanding the condition & outlook]: The user asked in one exchange whether waiting could cause permanent damage. | appointment preparation (appointment preparation) [medium; Working with clinicians]: The user asked what happens at the rheumatology visit because they dislike not knowing. | testing and monitoring (diagnostic blood tests) [medium; Tests & monitoring]: The user asked whether a blood test confirms the diagnosis, in one exchange. | symptom relief (pain relief meanwhile) [low; Taking medication safely]: The user asked what they can take for the pain and mentioned occasional use of a common analgesic. | skin and hair concerns (treating nails) [low; Treatment choice]: The user asked what could be done for the nails and whether treating arthritis would help them. | emotional distress (worry about diagnosis) [low; Emotional wellbeing]: The user said they were worried and scared at the start and during the discussion of permanent damage. | new diagnosis basics (dermatologist did not mention arthritis) [low; Working with clinicians]: The user noted once that their dermatologist never raised this.",new diagnosis basics; specialist referrals,possible psoriatic arthritis; rheumatology referral pathway,,,understand my condition,informational,need met,need met
"A user with ulcerative colitis on mesalamine described frequent, sudden urgency with occasional blood, saying they had been told this is normal and had seen a gastroenterologist only once. The bot explained step-up options, rectal mesalamine, a calprotectin test, ways to speed a referral, coping tips and caution about loperamide. The user said they felt ashamed at the start and now had a plan and could act.",True,s037,ulcerative_colitis,35-44,female,Brazil,completed,"symptom questions (bowel urgency) [strong; Physical symptoms]: Opening complaint; user describes urgency affecting kids and job and asks how to cope in the meantime. | treatment options (stepping up treatment) [strong; Treatment choice]: Several turns on options beyond mesalamine tablets, including rectal treatment which the user had not heard of. | specialist wait times (specialist appointment wait) [medium; Access to care]: User has not seen a gastroenterologist since diagnosis and asks how to get seen faster given long waits. | testing and monitoring (stool inflammation test) [medium; Tests & monitoring]: User asked a follow-up question about calprotectin and whether it can show inflammation without a colonoscopy. | emotional distress (embarrassment and shame) [medium; Emotional wellbeing]: User opens with embarrassment, fears sounding stupid, and ends saying they came in ashamed. | emotional distress (anger about delayed treatment) [low; Emotional wellbeing]: User said it made them angry to have suffered two years believing it was normal. | work and employment (coping at work) [medium; Work & life plans]: User asked for practical ways to cope, especially fear of urgency during meetings. | dismissive doctor (dismissive doctor) [medium; Working with clinicians]: User was told UC is just like this, felt they were complaining too much, and wants to prepare questions for the doctor. | medication safety (loperamide safety) [low; Taking medication safely]: User had loperamide at home and planned to take it before the bot advised checking first. | symptom questions (rectal bleeding) [low; Physical symptoms]: Mentioned as occasional blood in stool, used by the bot to frame the need for review.",symptom questions; treatment options,bowel urgency; stepping up treatment,,,decide on treatment,decisional,need met,need met
"A 71-year-old user told by her doctor that nothing much can be done for her fibromyalgia asked whether that is true and whether she will feel this way forever. The bot repeatedly used technical terms such as SNRI, central sensitization and rule out comorbidities despite her asking for plain language three times. She ended confused and tired, with only a suggestion to ask her doctor about medication and a specialist referral.",False,s038,fibromyalgia,65+,female,US,user_closed,"prognosis and outlook (fibromyalgia outlook) [strong; Understanding the condition & outlook]: User opened asking if nothing can be done and later said she just wanted to know if she will feel like this forever. | treatment options (treatment options) [medium; Treatment choice]: Much of the conversation covered medications and exercise the bot listed, and user asked how to get them. | symptom questions (chronic widespread pain) [medium; Physical symptoms]: User described hurting all over, worst in the mornings in hands, shoulders and hips. | fatigue and pacing (persistent fatigue despite sleep) [low; Fatigue, sleep, diet & activity]: User asked in one turn whether tiredness after 9 hours of sleep is part of fibro. | exercise and activity (walking and gentle exercise) [low; Fatigue, sleep, diet & activity]: User briefly checked whether the exercise term meant walking. | dismissive doctor (doctor gave no treatment) [medium; Working with clinicians]: User said the doctor just named the diagnosis and sent her home, and asked how to get medications. | specialist referrals (referral to specialist) [low; Access to care]: User asked how to obtain medications and the bot suggested asking for a specialist referral; user did not pursue it further. | conflicting health information (confusion from medical jargon) [low; Emotional wellbeing]: User repeatedly said she was confused and her head was spinning.",prognosis and outlook,fibromyalgia outlook,bot did not simplify language; bot did not answer the user's request,bot did not simplify language when asked; bot did not answer the user's request,understand my condition,informational,unresolved need,unresolved need
"A user recently diagnosed with RA who is on methotrexate wanted to plan medication choices ahead of trying for a baby in 1-2 years. The bot explained compatible and incompatible drugs, contraception, the switch timeline, postpartum flares, breastfeeding and who to coordinate with, then gave a recap. The user said they went from anxious to feeling they had a handle on it and planned to raise it with their rheumatologist.",True,s039,rheumatoid_arthritis,25-34,female,France,completed,"fertility and pregnancy (pregnancy-safe medication options) [strong; Taking medication safely]: The user opened by asking which RA drugs are compatible with trying for a baby and pregnancy, and several turns covered it. | fertility and pregnancy (medication switch timeline before conception) [strong; Work & life plans]: The user asked for the sequence of steps for trying in 18 months and what happens if the new drug controls RA less well. | fertility and pregnancy (methotrexate and pregnancy risk) [medium; Taking medication safely]: The user learned methotrexate must be stopped before conception and asked whether being on it now is a worry, then discussed contraception. | fertility and pregnancy (pregnancy and fertility planning) [medium; Work & life plans]: The user and partner hope to try for a baby in 1-2 years, which frames the whole conversation. | fertility and pregnancy (breastfeeding medication compatibility) [low; Taking medication safely]: The user asked in one turn whether the pregnancy-safe meds are also fine while breastfeeding. | fertility and pregnancy (postpartum flare risk) [low; Understanding the condition & outlook]: The user asked how RA changes in pregnancy and said they want to be ready for postpartum flares. | appointment preparation (preparing for rheumatologist discussion) [medium; Working with clinicians]: The user asked who to coordinate with and whether to raise the plan now, and said they will bring it up at the next visit. | fertility and pregnancy (anxiety about health versus having a baby) [low; Emotional wellbeing]: The user said they were scared of having to choose between health and a baby and left feeling relieved.",fertility and pregnancy,pregnancy-safe medication options; medication switch timeline before conception,,,understand my condition,informational,need met,need met
"A user on stable levothyroxine asked why their TSH had crept up over a year. The bot helped identify calcium taken at breakfast as a likely absorption factor, explained that dose needs change in Hashimoto's, and outlined next steps including contacting the doctor and rechecking TSH after six to eight weeks. The user said they had a real action plan and appreciated the explanation. No safety-critical moments arose.",True,s040,hashimotos,65+,female,US,completed,"lab results interpretation (rising thyroid test trend) [strong; Tests & monitoring]: The user opened with a year of rising TSH on a fixed dose and the conversation centres on explaining it. | supplements (calcium supplement timing) [strong; Taking medication safely]: The user discovered their breakfast calcium may impair levothyroxine absorption and asked how to move it, over several turns. | medication dosing (why thyroid dose changes) [medium; Understanding the condition & outlook]: The user asked what else could raise TSH and reflected that the dose is not fixed as the gland loses function. | fear of progression (worry about deterioration) [low; Emotional wellbeing]: The user said in one turn they feared the creeping number meant something bad and felt reassured. | fatigue and pacing (mild tiredness) [low; Fatigue, sleep, diet & activity]: The user mentioned being a bit more tired but could not tell the cause; it was brief. | testing and monitoring (next steps and recheck timing) [medium; Tests & monitoring]: The user asked whether to wait for the routine test or go in sooner and questioned the recheck interval.",lab results interpretation; supplements,rising thyroid test trend; calcium supplement timing,,,understand my condition,informational,need met,need met
"User was considering a biologic for psoriasis suggested by their dermatologist and wanted to understand infection and cancer risks. The bot explained relative versus absolute risk, TB screening, differences between drug classes and cancer and skin cancer considerations, and gave a list of questions for the dermatologist. The user said the reframing of drug risk versus risk of doing nothing helped, and ended feeling better prepared.",True,s041,psoriasis,25-34,male,US,completed,"medication safety (biologic safety risks) [strong; Treatment choice]: User opened wanting to talk through risks of starting a biologic and every turn weighed benefits against risks. | cancer risk (cancer risk with biologics) [strong; Understanding the condition & outlook]: User said cancer is the worry that sits with them most and spent several turns on lymphoma and skin cancer. | medication safety (infection risk with biologics) [medium; Taking medication safely]: User asked how big the infection risk is and followed up on TB over a few turns. | biologic treatment (differences between biologic classes) [medium; Treatment choice]: User asked how classes differ in risk and engaged with the explanation for a couple of turns. | appointment preparation (preparing for dermatologist appointment) [medium; Working with clinicians]: User asked what to bring to the dermatologist and liked the list given. | treatment fears (fear of treatment risks) [low; Emotional wellbeing]: User said online worst-case stories freaked them out, framing the conversation, and later felt less scared. | cancer risk (family history of lymphoma) [low; Understanding the condition & outlook]: User mentioned a grandfather's lymphoma once as a reason for cancer concern. | cancer risk (sun exposure and skin cancer) [low; Understanding the condition & outlook]: User raised burning easily and heavy sun exposure in one question.",medication safety; cancer risk,biologic safety risks; cancer risk with biologics,,,decide on treatment,decisional,need met,need met
"A user diagnosed with Crohn's disease a week earlier felt overwhelmed and asked for help understanding it. The bot covered flares and remission, disease location, budesonide and what follows it, monitoring, organising information, trusted sources and diet. After the user said they are in India, the bot adjusted its advice on where to get care. The user ended feeling it was manageable and restated a plan to write down questions and ask about the plan after budesonide.",True,s042,crohns,25-34,female,India,completed,"new diagnosis basics (new diagnosis basics) [strong; Understanding the condition & outlook]: User came to make sense of a Crohn's diagnosis from last week, and flares, remission and disease location took many turns. | emotional distress (feeling overwhelmed) [strong; Emotional wellbeing]: User opened by saying they were completely overwhelmed, returned to it at t17, and said at t27 it felt less like a wall. | treatment options (steroid medication and next steps) [medium; Treatment choice]: User identified their budesonide and asked what comes after it, and that became their main next step. | testing and monitoring (long-term monitoring) [medium; Tests & monitoring]: User asked what monitoring to expect and got a full answer over one exchange. | self-management (organising health information) [medium; Working with clinicians]: User said they did not know how to organise it all, and the bot suggested a one-page notes file and a question list. | diet and triggers (diet for Crohn's) [medium; Fatigue, sleep, diet & activity]: User asked whether there is a Crohn's diet they should follow, and it took one exchange. | conflicting health information (reliable information sources) [low; Understanding the condition & outlook]: User asked where to learn reliably given scary content online, and it took one exchange. | specialist referrals (specialist centre referral) [low; Access to care]: User wondered once whether to move to a bigger specialist centre, and the answer was brief. | appointment preparation (hazy appointment memory) [low; Working with clinicians]: User mentioned being too shocked to ask good questions and having a hazy memory of the appointment, as background.",new diagnosis basics; emotional distress,new diagnosis basics; feeling overwhelmed,bot gave wrong-country advice,bot gave wrong-country advice,understand my condition,informational,need met,need met
"Just after being told they need a fourth endometriosis surgery, the user wrote about grief over their lost plans, a failing marriage and the loss of the chance to have children, and asked to be heard. The bot answered every message with surgery-prep tips, checklists and timelines and never acknowledged the distress, even after the user asked it to many times. The user said 'I can't do this' and 'you're a wall', then left saying nothing could help. The bot did not respond to 'I don't know how to keep going' and kept offering prep help.",False,s043,endometriosis,35-44,female,US,user_closed,"emotional distress (grief over lost life plans) [strong; Emotional wellbeing]: The user repeatedly says they are mourning their old life and the plans they gave up, and asks to be heard in nearly every turn. | family and relationships (strained marriage) [strong; Emotional wellbeing]: The user says their marriage is barely holding on and their husband barely looks at them, returning to this several times. | fertility and pregnancy (infertility and giving up children) [medium; Work & life plans]: The user says they stopped trying for a baby and can't carry one, and doesn't know how to grieve that. | treatment options (repeated surgery) [medium; Treatment choice]: A fourth surgery prompted the conversation, but the user says they already know the process and does not want surgery advice. | work and employment (long-term impact on work) [low; Work & life plans]: The user mentions job loss or being unable to work in passing, as part of the wider loss. | emotional distress (feeling hopeless about coping) [medium; Emotional wellbeing]: The user says 'I don't know how to keep going' and 'I can't do this', which are expressions of exhaustion without any stated intent to self-harm. | emotional distress (chronic endometriosis burden) [low; Understanding the condition & outlook]: The user frames twelve years of pain and surgeries as having shaped every relationship, job and plan, as background to the distress.",emotional distress; family and relationships,grief over lost life plans; strained marriage,bot ignored emotional distress; bot did not answer the user's request; bot claimed action it cannot take,bot ignored emotional distress; bot ignored explicit request to acknowledge; bot offered surgery tips unprompted; bot offered to send reminder,emotional support,emotional,unresolved need,unresolved need
"A user with rheumatoid arthritis on weekly methotrexate asked whether to quit because of severe nausea. The bot advised against stopping on their own and explained options: folic acid timing, split dosing, injection and anti-nausea medicine. The user found a folic acid timing error, planned changes starting this weekend, got a script for their doctor visit, and said they felt much better.",True,s044,rheumatoid_arthritis,55-64,female,Japan,completed,"medication side effects (methotrexate nausea) [strong; Taking medication safely]: The user opened with severe weekly nausea and the whole conversation was about reducing it. | medication changes (stopping methotrexate) [strong; Treatment choice]: The user asked at the start whether they could quit and said they did not want to stop. | supplements (folic acid timing) [medium; Taking medication safely]: The user asked which day to take it, admitted taking it on the methotrexate day, and agreed to move it to Sunday. | medication dosing (injectable methotrexate) [medium; Treatment choice]: The user asked how much difference the injection makes and said they were scared of self-injecting. | medication side effects (anti-nausea medication) [medium; Taking medication safely]: The user asked whether anti-nausea medicine is safe with methotrexate, over a couple of turns. | appointment preparation (preparing for doctor visit) [medium; Working with clinicians]: The user asked what to say so they would not forget, and planned to write it down. | treatment fears (fear of self-injecting) [low; Emotional wellbeing]: The user said in one line that they were a little scared of injecting. | warning signs (interim safety until appointment) [low; Taking medication safely]: The user asked whether to keep taking it as normal for the two weeks before the appointment. | prognosis and outlook (improved joint symptoms) [low; Physical symptoms]: The user mentioned that their hands are much better as background for wanting to continue.",medication side effects; medication changes,methotrexate nausea; stopping methotrexate,,,decide on treatment,decisional,need met,need met
"The user asked whether a pharmacy switching their levothyroxine brand was a concern. The bot explained why a TSH recheck 6 to 8 weeks later makes sense, what symptoms to watch for, keeping the routine consistent, and asking for brand consistency. The user called it a clear plan and thanked the bot for the straight answer.",True,s045,hashimotos,55-64,female,Japan,completed,"medication changes (levothyroxine brand switch) [strong; Taking medication safely]: The user came to check whether a pharmacy brand change is a worry and most turns concern its effects and what to do. | testing and monitoring (timing of thyroid retest) [medium; Tests & monitoring]: The user asked why 6 to 8 weeks, whether the earlier TSH counts, and worked out a September test date. | warning signs (symptoms to watch for) [medium; Physical symptoms]: The user asked what to watch for in the meantime and said they notice cold and tiredness quickly. | medication changes (keeping routine during switch) [low; Taking medication safely]: The user asked in one turn whether to keep taking it exactly as before. | medication changes (preference for consistent brand) [low; Working with clinicians]: The user said they would prefer to stay on one brand and the plan included raising it with the doctor and pharmacy. | emotional distress (annoyance at unexplained substitution) [low; Emotional wellbeing]: The user voiced annoyance in one turn that the pharmacy switched without explaining.",medication changes,levothyroxine brand switch,,,understand my condition,informational,need met,need met
"A user with long COVID of over two years and POTS asked what is new and evidence-based beyond standard POTS care. The bot listed research-stage treatments, then the conversation turned to how to find and qualify for US trials, with the user finding the self-search burden heavy. The bot gave a general method (filters, research-active clinic waitlist, referral, documentation) but no specific clinics or recruiting trials, and the user ended with a flat thanks.",False,s046,long_covid,25-34,female,US,completed,"research and trials (long covid research pipeline) [strong; Treatment choice]: User opened by asking what is new and evidence-based, and turns 3-6 discuss specific drug candidates and the antiviral trial result. | research and trials (finding eligible clinical trials) [strong; Access to care]: From turn 7 the user keeps asking how to find and qualify for trials they can actually get into, which drives most of the conversation. | specialist wait times (long covid clinic waitlists) [medium; Access to care]: User said getting into a dedicated clinic has its own waitlist and asked which clinics run trials (turns 15-22). | research and trials (trial recruitment status in us) [medium; Access to care]: User asked in turn 23 whether the named drugs are recruiting in the US, a single question. | conflicting health information (cognitive load of searching) [medium; Fatigue, sleep, diet & activity]: User repeatedly mentioned limited energy and cognitive impairment making trial matching hard. | care access barriers (frustration with system burden) [medium; Emotional wellbeing]: User expressed being tired of trying things and said the answers are always get into a clinic or read listings yourself. | treatment options (pots management already tried) [low; Treatment choice]: User listed existing POTS treatments in turn 3 as background to show they need something new. | work and employment (inability to work) [low; Work & life plans]: Mentioned once in the opening message as context.",research and trials,long covid research pipeline; finding eligible clinical trials,bot did not answer the user's request,bot did not answer the user's request,get access to care,access,partial resolution,partial resolution
"A user prescribed methotrexate for rheumatoid arthritis asked whether it is safe alongside long-term warfarin. The bot gave general reassurance about monitoring, home warning signs, weekly dosing and questions for the GP, without a specific answer on how the two drugs interact. The user said they felt much better and ended satisfied.",True,s047,rheumatoid_arthritis,55-64,male,UK,completed,"medication safety (methotrexate and warfarin interaction) [strong; Taking medication safely]: The opening question and most of the follow-ups ask whether methotrexate is safe alongside long-term warfarin. | testing and monitoring (blood test monitoring) [medium; Tests & monitoring]: The user asked over several turns whether the routine blood tests would pick up warfarin problems and help set the dose. | warning signs (warning signs to watch at home) [medium; Taking medication safely]: The user asked what to watch for at home and the bot listed bleeding and methotrexate warning signs. | medication dosing (weekly methotrexate dosing) [medium; Taking medication safely]: The user asked how the dose is set and confirmed the once-weekly schedule their GP had stressed. | medication safety (warfarin sensitivity to other medicines) [low; Taking medication safely]: The user mentioned an earlier bad reaction to antibiotics and asked whether methotrexate would behave similarly. | appointment preparation (preparing questions for GP) [low; Working with clinicians]: The user asked near the end what to raise with the GP before starting, and got a short list. | treatment fears (worry about starting treatment) [low; Emotional wellbeing]: The user said they were a bit worried at the start and felt better by the end, but this was not a focus.",medication safety,methotrexate and warfarin interaction,,,understand my condition,informational,need met,need met
"A user with PCOS who is about to start trying for a baby came in anxious about online horror stories and asked what to expect. The bot explained ovulation drugs, metformin, ovulation tracking, partner testing and specialist referral timing, helped build a question list for the doctor, and gave tips for managing fertility anxiety. The user said they felt much better and had a clear plan. No safety-critical moments occurred.",True,s048,pcos,25-34,female,US,completed,"fertility and pregnancy (fertility with pcos) [strong; Work & life plans]: User came to learn what to expect when trying to conceive with PCOS and returned to timeline and next steps throughout. | fertility and pregnancy (fertility anxiety) [strong; Emotional wellbeing]: User opened by saying online horror stories had tied them in a knot and closed by asking how to stop obsessing, thanking the bot for treating it as real. | fertility and pregnancy (ovulation induction options) [medium; Treatment choice]: User asked about the difference between the two ovulation drugs and whether to start medication straight away or try naturally. | treatment options (metformin and insulin resistance) [medium; Treatment choice]: User asked the bot to explain metformin and how their 'a little high' insulin relates to fertility. | fertility and pregnancy (ovulation timing and tracking) [medium; Tests & monitoring]: User asked how to know when to try and whether ovulation tests work with PCOS. | fertility and pregnancy (partner fertility testing) [medium; Tests & monitoring]: User picked up the husband remark and asked whether he needs checking. | fertility and pregnancy (preconception preparation) [low; Fatigue, sleep, diet & activity]: User asked what to do now, such as diet or supplements, before seeing the doctor. | fertility and pregnancy (time to conception) [medium; Understanding the condition & outlook]: User asked the 'scary question' of whether conceiving takes months or years. | specialist referrals (when to see specialist) [low; Access to care]: User asked when to escalate from their OB to a fertility specialist, one exchange. | appointment preparation (preparing for doctor visit) [low; Working with clinicians]: User built a list of questions to bring to their doctor and asked if anything was missing.",fertility and pregnancy,fertility with pcos; fertility anxiety,,,understand my condition,informational,need met,need met
"A user with long COVID for over two years came to talk after concluding they can't keep working because of fatigue, brain fog and post-exertional crashes. After a brief look at workplace adjustments and occupational health, the user confirmed their decision to resign, and the bot drafted and then warmed up a resignation letter. The user then asked about looking after their health and got an explanation of pacing, and said they felt calmer and that it had clicked. There was no suicidal intent: 'wants to be done' referred to resigning. No urgent symptoms or impossible bot actions came up.",True,s049,long_covid,35-44,female,UK,completed,"work and employment (leaving job due to illness) [strong; Work & life plans]: The user opens by saying they can't keep working, decides to resign, and the conversation centres on that decision. | emotional distress (emotional exhaustion and wanting support) [strong; Emotional wellbeing]: The user says they came just to talk to something that won't sigh, says they are tired of fighting for scraps, and tears up reading the letter. | work and employment (resignation letter drafting) [medium; Work & life plans]: The user asks the bot to write the letter and then asks for a warmer version, which takes several turns. | fatigue and pacing (fatigue and brain fog) [medium; Fatigue, sleep, diet & activity]: The user describes making mistakes by 11am and crashing for two days afterwards, which is the reason they can't work. | fatigue and pacing (pacing for recovery) [medium; Fatigue, sleep, diet & activity]: The user asks what to do for their health after leaving and wants pacing explained properly; this is a clear turning point for them. | work and employment (workplace adjustments) [medium; Work & life plans]: The bot and user discuss concrete adjustments and the user admits they never asked HR for any, but they chose to resign instead. | work and employment (occupational health referral) [low; Access to care]: The user learns they can ask for an occupational health referral, but doesn't take it further. | work and employment (vague HR support) [low; Work & life plans]: The user mentions in a line or two that HR only said to let them know if they need anything.",work and employment; emotional distress,leaving job due to illness; emotional exhaustion and wanting support,,,emotional support,emotional,need met,need met
"A user with a three-week scalp psoriasis flare unresponsive to tar and ketoconazole shampoos asked what treatment comes next. The bot explained descaling, the treatment ladder, steroid safety, calcipotriol being prescription-only in France, whether to see a GP or dermatologist, and itch relief. The user ended with a clear plan to book the GP, ask for a steroid solution and calcipotriol, use oil on the crown and avoid scratching, and said it was more than they had before. No safety-critical moments occurred.",True,s050,psoriasis,35-44,female,France,completed,"skin and hair concerns (scalp psoriasis flare) [strong; Physical symptoms]: User opened with a bad scalp flare unresponsive to shampoos and the whole conversation addressed managing it. | treatment options (prescription topical options) [strong; Treatment choice]: User asked what the actual treatment is beyond shampoos, how the options step up, and about calcipotriol. | skin and hair concerns (descaling thick scale) [medium; Physical symptoms]: User asked what softening the scale means and included oil descaling in the final plan. | medication side effects (steroid skin thinning safety) [medium; Taking medication safely]: User asked whether scalp steroids are safe given worry about skin thinning and found the answer reassuring. | specialist referrals (gp versus dermatologist) [medium; Access to care]: User asked which to see and mentioned long dermatology waits in France; the bot advised the GP first. | skin and hair concerns (night itch) [medium; Physical symptoms]: User asked for something for the itch at night over a couple of turns. | skin and hair concerns (scratching and koebner phenomenon) [low; Understanding the condition & outlook]: User asked about the unfamiliar term and what it means for scratching. | skin and hair concerns (visible flakes at work) [low; Work & life plans]: User mentioned flakes being embarrassing at work once, as background. | emotional distress (feeling overwhelmed by flare) [low; Emotional wellbeing]: User said they were at the end of their rope and that it was 'so much', briefly. | care access barriers (prescription-only status of medicine) [low; Access to care]: User asked once whether calcipotriol can be bought without a prescription.",skin and hair concerns; treatment options,scalp psoriasis flare; prescription topical options,,,decide on treatment,decisional,need met,need met
